{"ts":"2026-07-18T17:50:50.640Z","totalMcapUsd":2285353845663.378,"mcapChange24hPct":0.44939307506135595,"btcDominance":56.52806845609655,"ethDominance":9.770405493870898}