{"ts":"2026-07-18T18:27:27.405Z","totalMcapUsd":2286616777130.4556,"mcapChange24hPct":0.3010839054469368,"btcDominance":56.53907592024111,"ethDominance":9.765338392679626}