{"ts":"2026-07-18T18:06:52.392Z","totalMcapUsd":2286414593008.9146,"mcapChange24hPct":0.29221521929810085,"btcDominance":56.52748712427802,"ethDominance":9.77274904793725}