{"ts":"2026-07-18T17:29:38.623Z","totalMcapUsd":2281850328159.639,"mcapChange24hPct":0.2954010761653243,"btcDominance":56.53088626131757,"ethDominance":9.759591627828021}