{"ts":"2026-07-18T20:08:18.580Z","totalMcapUsd":2289650271699.0312,"mcapChange24hPct":0.5660534593218132,"btcDominance":56.52967306053489,"ethDominance":9.789409804454301}